{
  "fabric_texture" : {
    "mean_intensity" : 0.7028817494815455,
    "contrast" : 0.08168581799309704,
    "std_deviation" : 0.35102440934100065,
    "homogeneity" : 1.0
  },
  "color_histogram" : [ 0.0, 0.0, 0.0, 0.0, 0.0, 0.0, 0.0, 0.0, 0.0, 0.0, 0.0, 0.0, 0.0, 0.0, 0.0, 0.0, 1.0350895172450691E-4, 0.0, 2.0701790344901383E-4, 1.0350895172450691E-4, 0.0, 0.0, 1.0350895172450691E-4, 0.0, 0.0, 1.0350895172450691E-4, 1.0350895172450691E-4, 1.0350895172450691E-4, 2.0701790344901383E-4, 1.0350895172450691E-4, 0.0, 0.0, 1.0350895172450691E-4, 2.0701790344901383E-4, 1.0350895172450691E-4, 1.0350895172450691E-4, 2.0701790344901383E-4, 0.0, 0.0, 2.0701790344901383E-4, 0.0, 1.0350895172450691E-4, 0.0, 2.0701790344901383E-4, 1.0350895172450691E-4, 0.0, 1.0350895172450691E-4, 0.0, 0.0, 1.0350895172450691E-4, 0.0, 0.0, 0.0, 0.0, 0.0, 0.0, 1.0350895172450691E-4, 0.0, 1.0350895172450691E-4, 1.0350895172450691E-4, 0.0, 0.0, 0.0, 0.0, 0.0, 0.0, 0.0, 0.0, 0.0, 0.0, 0.0, 1.0350895172450691E-4, 0.0, 0.0, 0.0, 0.0, 0.0, 0.0, 0.0, 0.0, 0.0, 1.0350895172450691E-4, 0.0, 1.0350895172450691E-4, 0.0, 0.0, 0.0, 1.0350895172450691E-4, 0.0, 0.0, 1.0350895172450691E-4, 0.0, 1.0350895172450691E-4, 0.0, 1.0350895172450691E-4, 0.0, 1.0350895172450691E-4, 2.0701790344901383E-4, 0.0, 2.0701790344901383E-4, 2.0701790344901383E-4, 0.0, 1.0350895172450691E-4, 0.0, 3.1052686972543597E-4, 2.0701790344901383E-4, 1.0350895172450691E-4, 2.0701790344901383E-4, 0.0, 1.0350895172450691E-4, 2.0701790344901383E-4, 5.175447440706193E-4, 1.0350895172450691E-4, 1.0350895172450691E-4, 0.0, 2.0701790344901383E-4, 0.0, 1.0350895172450691E-4, 0.0, 1.0350895172450691E-4, 1.0350895172450691E-4, 0.0, 1.0350895172450691E-4, 3.1052686972543597E-4, 1.0350895172450691E-4, 4.1403580689802766E-4, 2.0701790344901383E-4, 0.0, 4.1403580689802766E-4, 1.0350895172450691E-4, 3.1052686972543597E-4, 2.0701790344901383E-4, 2.0701790344901383E-4, 3.1052686972543597E-4, 1.0350895172450691E-4, 3.1052686972543597E-4, 3.1052686972543597E-4, 5.175447440706193E-4, 1.0350895172450691E-4, 2.0701790344901383E-4, 0.0, 1.0350895172450691E-4, 2.0701790344901383E-4, 3.1052686972543597E-4, 2.0701790344901383E-4, 3.1052686972543597E-4, 2.0701790344901383E-4, 1.0350895172450691E-4, 3.1052686972543597E-4, 5.175447440706193E-4, 6.210537394508719E-4, 6.210537394508719E-4, 2.0701790344901383E-4, 7.245626766234636E-4, 1.0350895172450691E-4, 6.210537394508719E-4, 3.1052686972543597E-4, 4.1403580689802766E-4, 5.175447440706193E-4, 6.210537394508719E-4, 0.0010350894881412387, 3.1052686972543597E-4, 3.1052686972543597E-4, 4.1403580689802766E-4, 6.210537394508719E-4, 8.280716137960553E-4, 3.1052686972543597E-4, 4.1403580689802766E-4, 3.1052686972543597E-4, 5.175447440706193E-4, 6.210537394508719E-4, 4.1403580689802766E-4, 5.175447440706193E-4, 9.31580550968647E-4, 0.0010350894881412387, 9.31580550968647E-4, 5.175447440706193E-4, 0.0010350894881412387, 6.210537394508719E-4, 0.0012421074789017439, 0.0011385984253138304, 0.0010350894881412387, 0.0011385984253138304, 9.31580550968647E-4, 9.31580550968647E-4, 0.0016561432275921106, 0.0012421074789017439, 0.001552634290419519, 0.0011385984253138304, 6.210537394508719E-4, 0.0011385984253138304, 0.001552634290419519, 0.001863161101937294, 9.31580550968647E-4, 7.245626766234636E-4, 0.002691232832148671, 0.0020701789762824774, 0.0017596521647647023, 0.0022771968506276608, 0.002794741652905941, 0.0025877237785607576, 0.0025877237785607576, 0.003105268580839038, 0.0033122864551842213, 0.0032087774015963078, 0.003726322203874588, 0.003105268580839038, 0.0049684299156069756, 0.004243867006152868, 0.0054859742522239685, 0.005382465664297342, 0.0049684299156069756, 0.004243867006152868, 0.006314046215265989, 0.006521063856780529, 0.008073697797954082, 0.009522823616862297, 0.0077631715685129166, 0.01107545755803585, 0.00962633267045021, 0.010557913221418858, 0.014180726371705532, 0.013249145820736885, 0.012835109606385231, 0.013870199210941792, 0.01542283408343792, 0.016975468024611473, 0.019149156287312508, 0.01801055669784546, 0.02473863959312439, 0.028775488957762718, 0.028154434636235237, 0.03643514961004257, 0.038298312574625015, 0.04192112386226654, 0.05102991312742233, 0.05247903987765312, 0.053410619497299194, 0.05858606845140457, 0.05941413715481758, 0.07618258893489838, 0.08446330577135086, 0.086326465010643, 0.07597556710243225, 0.07245626300573349, 0.07017906755208969, 0.050822895020246506, 0.04388779401779175, 0.04109305515885353, 0.035089533776044846, 0.035917606204748154, 0.047303590923547745, 0.03125970438122749, 0.08601593971252441, 0.03560708090662956, 1.0, 6.332453340291977E-4, 0.0, 2.1108178771100938E-4, 0.0, 0.0, 0.0, 1.0554089385550469E-4, 0.0, 0.0, 1.0554089385550469E-4, 0.0, 1.0554089385550469E-4, 0.0, 2.1108178771100938E-4, 1.0554089385550469E-4, 1.0554089385550469E-4, 0.0, 2.1108178771100938E-4, 2.1108178771100938E-4, 2.1108178771100938E-4, 1.0554089385550469E-4, 2.1108178771100938E-4, 0.0, 0.0, 0.0, 0.0, 0.0, 2.1108178771100938E-4, 0.0, 0.0, 0.0, 0.0, 0.0, 0.0, 0.0, 0.0, 0.0, 1.0554089385550469E-4, 0.0, 0.0, 1.0554089385550469E-4, 0.0, 0.0, 1.0554089385550469E-4, 1.0554089385550469E-4, 0.0, 0.0, 1.0554089385550469E-4, 0.0, 0.0, 0.0, 0.0, 1.0554089385550469E-4, 0.0, 1.0554089385550469E-4, 1.0554089385550469E-4, 1.0554089385550469E-4, 0.0, 1.0554089385550469E-4, 2.1108178771100938E-4, 0.0, 0.0, 1.0554089385550469E-4, 0.0, 0.0, 0.0, 2.1108178771100938E-4, 0.0, 0.0, 2.1108178771100938E-4, 0.0, 1.0554089385550469E-4, 2.1108178771100938E-4, 2.1108178771100938E-4, 1.0554089385550469E-4, 2.1108178771100938E-4, 0.0, 2.1108178771100938E-4, 2.1108178771100938E-4, 3.1662266701459885E-4, 2.1108178771100938E-4, 3.1662266701459885E-4, 1.0554089385550469E-4, 1.0554089385550469E-4, 1.0554089385550469E-4, 0.0, 1.0554089385550469E-4, 1.0554089385550469E-4, 2.1108178771100938E-4, 3.1662266701459885E-4, 4.2216357542201877E-4, 1.0554089385550469E-4, 2.1108178771100938E-4, 1.0554089385550469E-4, 3.1662266701459885E-4, 4.2216357542201877E-4, 3.1662266701459885E-4, 1.0554089385550469E-4, 2.1108178771100938E-4, 4.2216357542201877E-4, 0.0, 1.0554089385550469E-4, 4.2216357542201877E-4, 2.1108178771100938E-4, 0.0, 2.1108178771100938E-4, 1.0554089385550469E-4, 1.0554089385550469E-4, 2.1108178771100938E-4, 3.1662266701459885E-4, 3.1662266701459885E-4, 4.2216357542201877E-4, 1.0554089385550469E-4, 4.2216357542201877E-4, 0.0, 3.1662266701459885E-4, 6.332453340291977E-4, 3.1662266701459885E-4, 1.0554089385550469E-4, 7.387862424366176E-4, 2.1108178771100938E-4, 2.1108178771100938E-4, 4.2216357542201877E-4, 2.1108178771100938E-4, 5.277044838294387E-4, 3.1662266701459885E-4, 7.387862424366176E-4, 1.0554089385550469E-4, 5.277044838294387E-4, 6.332453340291977E-4, 5.277044838294387E-4, 6.332453340291977E-4, 8.443271508440375E-4, 6.332453340291977E-4, 4.2216357542201877E-4, 8.443271508440375E-4, 5.277044838294387E-4, 0.0010554089676588774, 4.2216357542201877E-4, 6.332453340291977E-4, 2.1108178771100938E-4, 0.0010554089676588774, 4.2216357542201877E-4, 9.498680592514575E-4, 5.277044838294387E-4, 8.443271508440375E-4, 0.0013720316346734762, 0.0013720316346734762, 3.1662266701459885E-4, 0.0013720316346734762, 7.387862424366176E-4, 7.387862424366176E-4, 0.0010554089676588774, 0.001794195151887834, 0.0011609498178586364, 0.0011609498178586364, 5.277044838294387E-4, 0.001688654301688075, 0.0014775724848732352, 0.001583113451488316, 0.0012664906680583954, 0.0014775724848732352, 0.0023218996357172728, 0.001899736118502915, 0.0023218996357172728, 0.001688654301688075, 0.001583113451488316, 0.002005276968702674, 0.0014775724848732352, 0.0023218996357172728, 0.001794195151887834, 0.0025329813361167908, 0.003482849569991231, 0.0023218996357172728, 0.0027440632693469524, 0.0025329813361167908, 0.0032717676367610693, 0.00337730860337615, 0.0030606859363615513, 0.004010553937405348, 0.003166226902976632, 0.003693931270390749, 0.004538258537650108, 0.005593667272478342, 0.005804749205708504, 0.0056992084719240665, 